label,message
ham,Hi how are you today?
ham,Are you coming to college tomorrow?
ham,Please send me the assignment notes.
ham,Call me when you reach home.
ham,Your class starts at 10 AM.
ham,Can we meet after lunch?
ham,Please bring your project file.
ham,Happy birthday have a great day.
ham,What time will you reach college?
ham,Please send the photos.
spam,Congratulations you won a free prize!
spam,You have won a lottery prize. Claim now!
spam,Click now to get your free gift.
spam,Urgent! You have won 10000 rupees.
spam,Free entry in lucky draw. Claim your reward.
spam,Congratulations! You are selected for a cash prize.
spam,Win a free mobile phone. Click now!
spam,Limited time offer! Get your free reward.
spam,You have won a special bonus. Call now!
spam,Claim your free prize immediately!